Country or region,Rank,Score,GDP,Health,year,States
Finland,1,7.769,1.34,0.986,2019,EUROPE
Denmark,2,7.6,1.383,0.996,2019,EUROPE
Norway,3,7.554,1.488,1.028,2019,EUROPE
Iceland,4,7.494,1.38,1.026,2019,EUROPE
Netherlands,5,7.488,1.396,0.999,2019,EUROPE
Switzerland,6,7.48,1.452,1.052,2019,EUROPE
Sweden,7,7.343,1.387,1.009,2019,EUROPE
New Zealand,8,7.307,1.303,1.026,2019,OCEANIA
Canada,9,7.278,1.365,1.039,2019,NORTH AMERICA
Austria,10,7.246,1.376,1.016,2019,EUROPE
Australia,11,7.228,1.372,1.036,2019,OCEANIA
Costa Rica,12,7.167,1.034,0.963,2019,NORTH AMERICA
Israel,13,7.139,1.276,1.029,2019,ASIA
Luxembourg,14,7.09,1.609,1.012,2019,ASIA
United Kingdom,15,7.054,1.333,0.996,2019,EUROPE
Ireland,16,7.021,1.499,0.999,2019,EUROPE
Germany,17,6.985,1.373,0.987,2019,EUROPE
Belgium,18,6.923,1.356,0.986,2019,EUROPE
United States,19,6.892,1.433,0.874,2019,NORTH AMERICA
Czech Republic,20,6.852,1.269,0.92,2019,EUROPE
United Arab Emirates,21,6.825,1.503,0.825,2019,ASIA
Malta,22,6.726,1.3,0.999,2019,EUROPE
Mexico,23,6.595,1.07,0.861,2019,NORTH AMERICA
France,24,6.592,1.324,1.045,2019,EUROPE
Taiwan Province of China,25,6.446,1.368,0.914,2019,ASIA
Chile,26,6.444,1.159,0.92,2019,SOUTH AMERICA
Guatemala,27,6.436,0.8,0.746,2019,NORTH AMERICA
Saudi Arabia,28,6.375,1.403,0.795,2019,ASIA
Qatar,29,6.374,1.684,0.871,2019,ASIA
Spain,30,6.354,1.286,1.062,2019,EUROPE
Panama,31,6.321,1.149,0.91,2019,NORTH AMERICA
Brazil,32,6.3,1.004,0.802,2019,SOUTH AMERICA
Uruguay,33,6.293,1.124,0.891,2019,SOUTH AMERICA
Singapore,34,6.262,1.572,1.141,2019,ASIA
El Salvador,35,6.253,0.794,0.789,2019,NORTH AMERICA
Italy,36,6.223,1.294,1.039,2019,EUROPE
Bahrain,37,6.199,1.362,0.871,2019,ASIA
Slovakia,38,6.198,1.246,0.881,2019,EUROPE
Trinidad & Tobago,39,6.192,1.231,0.713,2019,NORTH AMERICA
Poland,40,6.182,1.206,0.884,2019,EUROPE
Uzbekistan,41,6.174,0.745,0.756,2019,ASIA
Lithuania,42,6.149,1.238,0.818,2019,EUROPE
Colombia,43,6.125,0.985,0.841,2019,SOUTH AMERICA
Slovenia,44,6.118,1.258,0.953,2019,EUROPE
Nicaragua,45,6.105,0.694,0.835,2019,NORTH AMERICA
Kosovo,46,6.1,0.882,0.758,2019,EUROPE
Argentina,47,6.086,1.092,0.881,2019,SOUTH AMERICA
Romania,48,6.07,1.162,0.825,2019,EUROPE
Cyprus,49,6.046,1.263,1.042,2019,ASIA
Ecuador,50,6.028,0.912,0.868,2019,SOUTH AMERICA
Kuwait,51,6.021,1.5,0.808,2019,ASIA
Thailand,52,6.008,1.05,0.828,2019,ASIA
Latvia,53,5.94,1.187,0.812,2019,EUROPE
South Korea,54,5.895,1.301,1.036,2019,ASIA
Estonia,55,5.893,1.237,0.874,2019,EUROPE
Jamaica,56,5.89,0.831,0.831,2019,NORTH AMERICA
Mauritius,57,5.888,1.12,0.798,2019,AFRICA
Japan,58,5.886,1.327,1.088,2019,ASIA
Honduras,59,5.86,0.642,0.828,2019,NORTH AMERICA
Kazakhstan,60,5.809,1.173,0.729,2019,ASIA
Bolivia,61,5.779,0.776,0.706,2019,SOUTH AMERICA
Hungary,62,5.758,1.201,0.828,2019,EUROPE
Paraguay,63,5.743,0.855,0.777,2019,SOUTH AMERICA
Northern Cyprus,64,5.718,1.263,1.042,2019,EUROPE
Peru,65,5.697,0.96,0.854,2019,SOUTH AMERICA
Portugal,66,5.693,1.221,0.999,2019,EUROPE
Pakistan,67,5.653,0.677,0.535,2019,ASIA
Russia,68,5.648,1.183,0.726,2019,EUROPE
Philippines,69,5.631,0.807,0.657,2019,ASIA
Serbia,70,5.603,1.004,0.854,2019,EUROPE
Moldova,71,5.529,0.685,0.739,2019,EUROPE
Libya,72,5.525,1.044,0.673,2019,AFRICA
Montenegro,73,5.523,1.051,0.871,2019,EUROPE
Tajikistan,74,5.467,0.493,0.718,2019,ASIA
Croatia,75,5.432,1.155,0.914,2019,EUROPE
Hong Kong,76,5.43,1.438,1.122,2019,ASIA
Dominican Republic,77,5.425,1.015,0.779,2019,NORTH AMERICA
Bosnia and Herzegovina,78,5.386,0.945,0.845,2019,EUROPE
Turkey,79,5.373,1.183,0.808,2019,ASIA
Malaysia,80,5.339,1.221,0.828,2019,ASIA
Belarus,81,5.323,1.067,0.789,2019,EUROPE
Greece,82,5.287,1.181,0.999,2019,EUROPE
Mongolia,83,5.285,0.948,0.667,2019,ASIA
North Macedonia,84,5.274,0.983,0.838,2019,EUROPE
Nigeria,85,5.265,0.696,0.245,2019,AFRICA
Kyrgyzstan,86,5.261,0.551,0.723,2019,ASIA
Turkmenistan,87,5.247,1.052,0.657,2019,ASIA
Algeria,88,5.211,1.002,0.785,2019,AFRICA
Morocco,89,5.208,0.801,0.782,2019,AFRICA
Azerbaijan,90,5.208,1.043,0.769,2019,ASIA
Lebanon,91,5.197,0.987,0.815,2019,ASIA
Indonesia,92,5.192,0.931,0.66,2019,ASIA
China,93,5.191,1.029,0.893,2019,ASIA
Vietnam,94,5.175,0.741,0.851,2019,ASIA
Bhutan,95,5.082,0.813,0.604,2019,ASIA
Cameroon,96,5.044,0.549,0.331,2019,AFRICA
Bulgaria,97,5.011,1.092,0.815,2019,EUROPE
Ghana,98,4.996,0.611,0.486,2019,AFRICA
Ivory Coast,99,4.944,0.569,0.232,2019,AFRICA
Nepal,100,4.913,0.446,0.677,2019,ASIA
Jordan,101,4.906,0.837,0.815,2019,ASIA
Benin,102,4.883,0.393,0.397,2019,AFRICA
Congo,103,4.812,0.673,0.508,2019,AFRICA
Gabon,104,4.799,1.057,0.571,2019,AFRICA
Laos,105,4.796,0.764,0.551,2019,ASIA
South Africa,106,4.722,0.96,0.469,2019,AFRICA
Albania,107,4.719,0.947,0.874,2019,ASIA
Venezuela,108,4.707,0.96,0.805,2019,SOUTH AMERICA
Cambodia,109,4.7,0.574,0.637,2019,ASIA
Palestinian Territories,110,4.696,0.657,0.672,2019,AFRICA
Senegal,111,4.681,0.45,0.571,2019,AFRICA
Somalia,112,4.668,0.0,0.268,2019,AFRICA
Namibia,113,4.639,0.879,0.477,2019,AFRICA
Niger,114,4.628,0.138,0.366,2019,AFRICA
Burkina Faso,115,4.587,0.331,0.38,2019,AFRICA
Armenia,116,4.559,0.85,0.815,2019,ASIA
Iran,117,4.548,1.1,0.785,2019,ASIA
Guinea,118,4.534,0.38,0.375,2019,AFRICA
Georgia,119,4.519,0.886,0.752,2019,EUROPE
Gambia,120,4.516,0.308,0.428,2019,AFRICA
Gambia,120,4.516,0.308,0.428,2019,AFRICA
Kenya,121,4.509,0.512,0.581,2019,AFRICA
Mauritania,122,4.49,0.57,0.489,2019,AFRICA
Mozambique,123,4.466,0.204,0.39,2019,AFRICA
Tunisia,124,4.461,0.921,0.815,2019,AFRICA
Bangladesh,125,4.456,0.562,0.723,2019,ASIA
Iraq,126,4.437,1.043,0.574,2019,ASIA
Dem. Rep. Congo,127,4.418,0.094,0.357,2019,AFRICA
Mali,128,4.39,0.385,0.308,2019,AFRICA
Sierra Leone,129,4.374,0.268,0.242,2019,AFRICA
Sri Lanka,130,4.366,0.949,0.831,2019,ASIA
Myanmar,131,4.36,0.71,0.555,2019,ASIA
Chad,132,4.35,0.35,0.192,2019,AFRICA
Ukraine,133,4.332,0.82,0.739,2019,EUROPE
Ethiopia,134,4.286,0.336,0.532,2019,AFRICA
Swaziland,135,4.212,0.811,0.0,2019,AFRICA
Uganda,136,4.189,0.332,0.443,2019,AFRICA
Egypt,137,4.166,0.913,0.644,2019,AFRICA
Zambia,138,4.107,0.578,0.426,2019,AFRICA
Togo,139,4.085,0.275,0.41,2019,AFRICA
India,140,4.015,0.755,0.588,2019,ASIA
Liberia,141,3.975,0.073,0.443,2019,AFRICA
Comoros,142,3.973,0.274,0.505,2019,AFRICA
Madagascar,143,3.933,0.274,0.555,2019,AFRICA
Lesotho,144,3.802,0.489,0.168,2019,AFRICA
Burundi,145,3.775,0.046,0.38,2019,AFRICA
Zimbabwe,146,3.663,0.366,0.433,2019,AFRICA
Haiti,147,3.597,0.323,0.449,2019,NORTH AMERICA
Botswana,148,3.488,1.041,0.538,2019,AFRICA
Syria,149,3.462,0.619,0.44,2019,ASIA
Malawi,150,3.41,0.191,0.495,2019,AFRICA
Yemen,151,3.38,0.287,0.463,2019,ASIA
Rwanda,152,3.334,0.359,0.614,2019,AFRICA
Tanzania,153,3.231,0.476,0.499,2019,AFRICA
Afghanistan,154,3.203,0.35,0.361,2019,ASIA
Central African Republic,155,3.083,0.026,0.105,2019,AFRICA
South Sudan,156,2.853,0.306,0.295,2019,AFRICA
Finland,1,7.632,1.305,0.874,2018,EUROPE
Norway,2,7.594,1.456,0.861,2018,EUROPE
Denmark,3,7.555,1.351,0.868,2018,EUROPE
Iceland,4,7.495,1.343,0.914,2018,EUROPE
Switzerland,5,7.487,1.42,0.927,2018,EUROPE
Netherlands,6,7.441,1.361,0.878,2018,EUROPE
Canada,7,7.328,1.33,0.896,2018,NORTH AMERICA
New Zealand,8,7.324,1.268,0.876,2018,OCEANIA
Sweden,9,7.314,1.355,0.913,2018,EUROPE
Australia,10,7.272,1.34,0.91,2018,OCEANIA
United Kingdom,11,7.19,1.244,0.888,2018,EUROPE
Austria,12,7.139,1.341,0.891,2018,EUROPE
Costa Rica,13,7.072,1.01,0.817,2018,NORTH AMERICA
Ireland,14,6.977,1.448,0.876,2018,EUROPE
Germany,15,6.965,1.34,0.861,2018,EUROPE
Belgium,16,6.927,1.324,0.894,2018,EUROPE
Luxembourg,17,6.91,1.576,0.896,2018,ASIA
United States,18,6.886,1.398,0.819,2018,NORTH AMERICA
Israel,19,6.814,1.301,0.883,2018,ASIA
United Arab Emirates,20,6.774,2.096,0.67,2018,ASIA
Czech Republic,21,6.711,1.233,0.854,2018,EUROPE
Malta,22,6.627,1.27,0.884,2018,EUROPE
France,23,6.489,1.293,0.908,2018,EUROPE
Mexico,24,6.488,1.038,0.761,2018,NORTH AMERICA
Chile,25,6.476,1.131,0.808,2018,SOUTH AMERICA
Taiwan Province of China,26,6.441,1.365,0.857,2018,ASIA
Panama,27,6.43,1.112,0.759,2018,NORTH AMERICA
Brazil,28,6.419,0.986,0.675,2018,SOUTH AMERICA
Argentina,29,6.388,1.073,0.744,2018,SOUTH AMERICA
Guatemala,30,6.382,0.781,0.608,2018,NORTH AMERICA
Uruguay,31,6.379,1.093,0.771,2018,SOUTH AMERICA
Qatar,32,6.374,1.649,0.748,2018,ASIA
Saudi Arabia,33,6.371,1.379,0.633,2018,ASIA
Singapore,34,6.343,1.529,1.008,2018,ASIA
Malaysia,35,6.322,1.161,0.669,2018,ASIA
Spain,36,6.31,1.251,0.965,2018,EUROPE
Colombia,37,6.26,0.96,0.635,2018,SOUTH AMERICA
Trinidad & Tobago,38,6.192,1.223,0.564,2018,NORTH AMERICA
Slovakia,39,6.173,1.21,0.776,2018,EUROPE
El Salvador,40,6.167,0.806,0.639,2018,NORTH AMERICA
Nicaragua,41,6.141,0.668,0.7,2018,NORTH AMERICA
Poland,42,6.123,1.176,0.781,2018,EUROPE
Bahrain,43,6.105,1.338,0.698,2018,ASIA
Uzbekistan,44,6.096,0.719,0.605,2018,ASIA
Kuwait,45,6.083,1.474,0.675,2018,ASIA
Thailand,46,6.072,1.016,0.707,2018,ASIA
Italy,47,6.0,1.264,0.946,2018,EUROPE
Ecuador,48,5.973,0.889,0.736,2018,SOUTH AMERICA
Belize,49,5.956,0.807,0.474,2018,NORTH AMERICA
Lithuania,50,5.952,1.197,0.716,2018,EUROPE
Slovenia,51,5.948,1.219,0.856,2018,EUROPE
Romania,52,5.945,1.116,0.726,2018,EUROPE
Latvia,53,5.933,1.148,0.671,2018,EUROPE
Japan,54,5.915,1.294,0.988,2018,ASIA
Mauritius,55,5.891,1.09,0.684,2018,AFRICA
Jamaica,56,5.89,0.819,0.693,2018,NORTH AMERICA
South Korea,57,5.875,1.266,0.955,2018,ASIA
Northern Cyprus,58,5.835,1.229,0.909,2018,EUROPE
Russia,59,5.81,1.151,0.599,2018,EUROPE
Kazakhstan,60,5.79,1.143,0.631,2018,ASIA
Cyprus,61,5.762,1.229,0.909,2018,ASIA
Bolivia,62,5.752,0.751,0.508,2018,SOUTH AMERICA
Estonia,63,5.739,1.2,0.737,2018,EUROPE
Paraguay,64,5.681,0.835,0.615,2018,SOUTH AMERICA
Peru,65,5.663,0.934,0.674,2018,SOUTH AMERICA
Kosovo,66,5.662,0.855,0.578,2018,EUROPE
Moldova,67,5.64,0.657,0.62,2018,EUROPE
Turkmenistan,68,5.636,1.016,0.517,2018,ASIA
Hungary,69,5.62,1.171,0.732,2018,EUROPE
Libya,70,5.566,0.985,0.553,2018,AFRICA
Philippines,71,5.524,0.775,0.513,2018,ASIA
Honduras,72,5.504,0.62,0.622,2018,NORTH AMERICA
Belarus,73,5.483,1.039,0.7,2018,EUROPE
Turkey,74,5.483,1.148,0.686,2018,ASIA
Pakistan,75,5.472,0.652,0.424,2018,ASIA
Hong Kong,76,5.43,1.405,1.03,2018,ASIA
Portugal,77,5.41,1.188,0.884,2018,EUROPE
Serbia,78,5.398,0.975,0.685,2018,EUROPE
Greece,79,5.358,1.154,0.879,2018,EUROPE
Lebanon,80,5.358,0.965,0.785,2018,ASIA
Montenegro,81,5.347,1.017,0.729,2018,EUROPE
Croatia,82,5.321,1.115,0.737,2018,EUROPE
Dominican Republic,83,5.302,0.982,0.614,2018,NORTH AMERICA
Algeria,84,5.295,0.979,0.687,2018,AFRICA
Morocco,85,5.254,0.779,0.669,2018,AFRICA
China,86,5.246,0.989,0.799,2018,ASIA
Azerbaijan,87,5.201,1.024,0.603,2018,ASIA
Tajikistan,88,5.199,0.474,0.598,2018,ASIA
Macedonia,89,5.185,0.959,0.691,2018,EUROPE
Jordan,90,5.161,0.822,0.645,2018,ASIA
Nigeria,91,5.155,0.689,0.048,2018,AFRICA
Kyrgyzstan,92,5.131,0.53,0.594,2018,ASIA
Bosnia and Herzegovina,93,5.129,0.915,0.758,2018,EUROPE
Mongolia,94,5.125,0.914,0.575,2018,ASIA
Vietnam,95,5.103,0.715,0.702,2018,ASIA
Indonesia,96,5.093,0.899,0.522,2018,ASIA
Bhutan,97,5.082,0.796,0.527,2018,ASIA
Somalia,98,4.982,0.0,0.115,2018,AFRICA
Cameroon,99,4.975,0.535,0.182,2018,AFRICA
Bulgaria,100,4.933,1.054,0.712,2018,EUROPE
Nepal,101,4.88,0.425,0.539,2018,ASIA
Venezuela,102,4.806,0.996,0.657,2018,SOUTH AMERICA
Gabon,103,4.758,1.036,0.404,2018,AFRICA
Palestinian Territories,104,4.743,0.642,0.602,2018,AFRICA
South Africa,105,4.724,0.94,0.33,2018,AFRICA
Iran,106,4.707,1.059,0.691,2018,ASIA
Ivory Coast,107,4.671,0.541,0.08,2018,AFRICA
Ghana,108,4.657,0.592,0.337,2018,AFRICA
Senegal,109,4.631,0.429,0.433,2018,AFRICA
Laos,110,4.623,0.72,0.441,2018,ASIA
Tunisia,111,4.592,0.9,0.69,2018,AFRICA
Albania,112,4.586,0.916,0.79,2018,ASIA
Sierra Leone,113,4.571,0.256,0.0,2018,AFRICA
Congo,114,4.559,0.682,0.343,2018,AFRICA
Bangladesh,115,4.5,0.532,0.579,2018,ASIA
Sri Lanka,116,4.471,0.918,0.672,2018,ASIA
Iraq,117,4.456,1.01,0.536,2018,ASIA
Mali,118,4.447,0.37,0.152,2018,AFRICA
Namibia,119,4.441,0.874,0.365,2018,AFRICA
Cambodia,120,4.433,0.549,0.457,2018,ASIA
Burkina Faso,121,4.424,0.314,0.254,2018,AFRICA
Egypt,122,4.419,0.885,0.553,2018,AFRICA
Mozambique,123,4.417,0.198,0.173,2018,AFRICA
Kenya,124,4.41,0.493,0.454,2018,AFRICA
Zambia,125,4.377,0.562,0.295,2018,AFRICA
Mauritania,126,4.356,0.557,0.292,2018,AFRICA
Ethiopia,127,4.35,0.308,0.391,2018,AFRICA
Georgia,128,4.34,0.853,0.643,2018,EUROPE
Armenia,129,4.321,0.816,0.666,2018,ASIA
Myanmar,130,4.308,0.682,0.429,2018,ASIA
Chad,131,4.301,0.358,0.053,2018,AFRICA
Dem. Rep. Congo,132,4.245,0.069,0.204,2018,AFRICA
India,133,4.19,0.721,0.485,2018,ASIA
Niger,134,4.166,0.131,0.221,2018,AFRICA
Uganda,135,4.161,0.322,0.237,2018,AFRICA
Benin,136,4.141,0.378,0.24,2018,AFRICA
Sudan,137,4.139,0.605,0.312,2018,AFRICA
Ukraine,138,4.103,0.793,0.609,2018,EUROPE
Togo,139,3.999,0.259,0.253,2018,AFRICA
Guinea,140,3.964,0.344,0.211,2018,AFRICA
Lesotho,141,3.808,0.472,0.079,2018,AFRICA
Angola,142,3.795,0.73,0.269,2018,AFRICA
Madagascar,143,3.774,0.262,0.402,2018,AFRICA
Zimbabwe,144,3.692,0.357,0.248,2018,AFRICA
Afghanistan,145,3.632,0.332,0.255,2018,ASIA
Botswana,146,3.59,1.017,0.417,2018,AFRICA
Malawi,147,3.587,0.186,0.306,2018,AFRICA
Haiti,148,3.582,0.315,0.289,2018,NORTH AMERICA
Liberia,149,3.495,0.076,0.267,2018,AFRICA
Syria,150,3.462,0.689,0.539,2018,ASIA
Rwanda,151,3.408,0.332,0.4,2018,AFRICA
Yemen,152,3.355,0.442,0.343,2018,ASIA
Tanzania,153,3.303,0.455,0.381,2018,AFRICA
South Sudan,154,3.254,0.337,0.177,2018,AFRICA
Central African Republic,155,3.083,0.024,0.01,2018,AFRICA
Burundi,156,2.905,0.091,0.145,2018,AFRICA
Norway,1,7.53700017929077,1.61646318435669,0.796666502952576,2017,EUROPE
Denmark,2,7.52199983596802,1.48238301277161,0.792565524578094,2017,EUROPE
Iceland,3,7.50400018692017,1.480633020401,0.833552122116089,2017,EUROPE
Switzerland,4,7.49399995803833,1.56497955322266,0.858131289482117,2017,EUROPE
Finland,5,7.4689998626709,1.44357192516327,0.80915766954422,2017,EUROPE
Netherlands,6,7.3769998550415,1.50394463539124,0.810696125030518,2017,EUROPE
Canada,7,7.31599998474121,1.47920441627502,0.83455765247345,2017,NORTH AMERICA
New Zealand,8,7.31400012969971,1.40570604801178,0.816759705543518,2017,OCEANIA
Sweden,9,7.28399991989136,1.49438726902008,0.830875158309937,2017,EUROPE
Australia,10,7.28399991989136,1.484414935112,0.84388679265976,2017,OCEANIA
Israel,11,7.21299982070923,1.37538242340088,0.83840399980545,2017,ASIA
Costa Rica,12,7.0789999961853,1.10970628261566,0.759509265422821,2017,NORTH AMERICA
Austria,13,7.00600004196167,1.48709726333618,0.815328419208527,2017,EUROPE
United States,14,6.99300003051758,1.54625928401947,0.77428662776947,2017,NORTH AMERICA
Ireland,15,6.97700023651123,1.53570663928986,0.80978262424469,2017,EUROPE
Germany,16,6.95100021362305,1.48792338371277,0.798950731754303,2017,EUROPE
Belgium,17,6.89099979400635,1.46378076076508,0.818091869354248,2017,EUROPE
Luxembourg,18,6.86299991607666,1.74194359779358,0.845089495182037,2017,ASIA
United Kingdom,19,6.71400022506714,1.44163393974304,0.805335938930511,2017,EUROPE
Chile,20,6.65199995040894,1.25278460979462,0.819479703903198,2017,SOUTH AMERICA
United Arab Emirates,21,6.64799976348877,1.62634336948395,0.726798236370087,2017,ASIA
Brazil,22,6.63500022888184,1.10735321044922,0.616552352905273,2017,SOUTH AMERICA
Czech Republic,23,6.60900020599365,1.35268235206604,0.754444003105164,2017,EUROPE
Argentina,24,6.59899997711182,1.18529546260834,0.695137083530426,2017,SOUTH AMERICA
Mexico,25,6.57800006866455,1.15318381786346,0.709978997707367,2017,NORTH AMERICA
Singapore,26,6.57200002670288,1.69227766990662,0.949492394924164,2017,ASIA
Malta,27,6.52699995040894,1.34327983856201,0.821944236755371,2017,EUROPE
Uruguay,28,6.4539999961853,1.21755969524384,0.719216823577881,2017,SOUTH AMERICA
Guatemala,29,6.4539999961853,0.872001945972443,0.540239989757538,2017,NORTH AMERICA
Panama,30,6.4520001411438,1.23374843597412,0.706156134605408,2017,NORTH AMERICA
France,31,6.44199991226196,1.43092346191406,0.844465851783752,2017,EUROPE
Thailand,32,6.42399978637695,1.12786877155304,0.647239029407501,2017,ASIA
Taiwan Province of China,33,6.42199993133545,1.43362653255463,0.793984234333038,2017,ASIA
Spain,34,6.40299987792969,1.38439786434174,0.888960599899292,2017,EUROPE
Qatar,35,6.375,1.87076568603516,0.710098087787628,2017,ASIA
Colombia,36,6.35699987411499,1.07062232494354,0.595027923583984,2017,SOUTH AMERICA
Saudi Arabia,37,6.3439998626709,1.53062355518341,0.590148329734802,2017,ASIA
Trinidad and Tobago,38,6.16800022125244,1.36135590076447,0.519983291625977,2017,NORTH AMERICA
Kuwait,39,6.10500001907349,1.63295245170593,0.632105708122253,2017,ASIA
Slovakia,40,6.09800004959106,1.32539355754852,0.712732911109924,2017,EUROPE
Bahrain,41,6.08699989318848,1.48841226100922,0.653133034706116,2017,ASIA
Malaysia,42,6.08400011062622,1.29121541976929,0.618784427642822,2017,ASIA
Nicaragua,43,6.07100009918213,0.737299203872681,0.653095960617065,2017,NORTH AMERICA
Ecuador,44,6.00799989700317,1.00082039833069,0.685636222362518,2017,SOUTH AMERICA
El Salvador,45,6.00299978256226,0.909784495830536,0.596018552780151,2017,NORTH AMERICA
Poland,46,5.97300004959106,1.29178786277771,0.699475347995758,2017,EUROPE
Uzbekistan,47,5.97100019454956,0.786441087722778,0.498272627592087,2017,ASIA
Italy,48,5.96400022506714,1.39506661891937,0.853144347667694,2017,EUROPE
Russia,49,5.96299982070923,1.28177809715271,0.547349333763123,2017,EUROPE
Belize,50,5.95599985122681,0.907975316047668,0.450191766023636,2017,NORTH AMERICA
Japan,51,5.92000007629395,1.41691517829895,0.913475871086121,2017,ASIA
Lithuania,52,5.90199995040894,1.31458234786987,0.62894994020462,2017,EUROPE
Algeria,53,5.87200021743774,1.09186446666718,0.617584645748138,2017,AFRICA
Latvia,54,5.84999990463257,1.26074862480164,0.638566970825195,2017,EUROPE
South Korea,55,5.83799982070923,1.40167844295502,0.900214076042175,2017,ASIA
Moldova,56,5.83799982070923,0.728870630264282,0.589465200901031,2017,EUROPE
Romania,57,5.82499980926514,1.21768391132355,0.685158312320709,2017,EUROPE
Bolivia,58,5.82299995422363,0.833756566047668,0.473630249500275,2017,SOUTH AMERICA
Turkmenistan,59,5.82200002670288,1.13077676296234,0.437726080417633,2017,ASIA
Kazakhstan,60,5.81899976730347,1.28455626964569,0.606041550636292,2017,ASIA
North Cyprus,61,5.80999994277954,1.3469113111496,0.834647238254547,2017,EUROPE
Slovenia,62,5.75799989700317,1.3412059545517,0.790828227996826,2017,EUROPE
Peru,63,5.71500015258789,1.03522527217865,0.630166113376617,2017,SOUTH AMERICA
Mauritius,64,5.62900018692017,1.18939554691315,0.638007462024689,2017,AFRICA
Cyprus,65,5.62099981307983,1.35593807697296,0.84471470117569,2017,ASIA
Estonia,66,5.61100006103516,1.32087934017181,0.695168316364288,2017,EUROPE
Belarus,67,5.56899976730347,1.15655755996704,0.637714266777039,2017,EUROPE
Libya,68,5.52500009536743,1.10180306434631,0.520169019699097,2017,AFRICA
Turkey,69,5.5,1.19827437400818,0.637605607509613,2017,ASIA
Paraguay,70,5.49300003051758,0.932537317276001,0.579250693321228,2017,SOUTH AMERICA
Hong Kong,71,5.47200012207031,1.55167484283447,0.943062424659729,2017,ASIA
Philippines,72,5.42999982833862,0.85769921541214,0.468009054660797,2017,ASIA
Serbia,73,5.39499998092651,1.06931757926941,0.65078467130661,2017,EUROPE
Jordan,74,5.33599996566772,0.991012394428253,0.604590058326721,2017,ASIA
Hungary,75,5.32399988174438,1.2860119342804,0.687763452529907,2017,EUROPE
Jamaica,76,5.31099987030029,0.925579309463501,0.641022384166718,2017,NORTH AMERICA
Croatia,77,5.29300022125244,1.22255623340607,0.701288521289825,2017,EUROPE
Kosovo,78,5.27899980545044,0.951484382152557,0.541452050209045,2017,EUROPE
China,79,5.27299976348877,1.08116579055786,0.741415500640869,2017,ASIA
Pakistan,80,5.26900005340576,0.72688353061676,0.402047783136368,2017,ASIA
Indonesia,81,5.26200008392334,0.995538592338562,0.492345720529556,2017,ASIA
Venezuela,82,5.25,1.12843120098114,0.617144227027893,2017,SOUTH AMERICA
Montenegro,83,5.23699998855591,1.12112903594971,0.667464673519135,2017,EUROPE
Morocco,84,5.2350001335144,0.878114581108093,0.59771066904068,2017,AFRICA
Azerbaijan,85,5.23400020599365,1.15360176563263,0.540775775909424,2017,ASIA
Dominican Republic,86,5.23000001907349,1.07937383651733,0.574873745441437,2017,NORTH AMERICA
Greece,87,5.22700023651123,1.28948748111725,0.810198903083801,2017,EUROPE
Lebanon,88,5.22499990463257,1.07498753070831,0.735081076622009,2017,ASIA
Portugal,89,5.19500017166138,1.3151752948761,0.795843541622162,2017,EUROPE
Bosnia and Herzegovina,90,5.18200016021729,0.982409417629242,0.705186307430267,2017,EUROPE
Honduras,91,5.18100023269653,0.730573117733002,0.582569479942322,2017,NORTH AMERICA
Macedonia,92,5.17500019073486,1.06457793712616,0.644948184490204,2017,EUROPE
Somalia,93,5.15100002288818,0.0226431842893362,0.113989137113094,2017,AFRICA
Vietnam,94,5.07399988174438,0.788547575473785,0.652168989181519,2017,ASIA
Nigeria,95,5.07399988174438,0.783756256103516,0.0569157302379608,2017,AFRICA
Tajikistan,96,5.04099988937378,0.524713635444641,0.529235124588013,2017,ASIA
Bhutan,97,5.01100015640259,0.885416388511658,0.495879292488098,2017,ASIA
Kyrgyzstan,98,5.00400018692017,0.596220076084137,0.553457796573639,2017,ASIA
Nepal,99,4.96199989318848,0.479820191860199,0.504130780696869,2017,ASIA
Mongolia,100,4.95499992370605,1.02723586559296,0.557783484458923,2017,ASIA
South Africa,101,4.8289999961853,1.05469870567322,0.187080070376396,2017,AFRICA
Tunisia,102,4.80499982833862,1.00726580619812,0.613212049007416,2017,AFRICA
Palestinian Territories,103,4.77500009536743,0.716249227523804,0.565666973590851,2017,AFRICA
Egypt,104,4.7350001335144,0.989701807498932,0.520187258720398,2017,AFRICA
Bulgaria,105,4.71400022506714,1.1614590883255,0.708217680454254,2017,EUROPE
Sierra Leone,106,4.70900011062622,0.36842092871666,0.0055647538974881,2017,AFRICA
Cameroon,107,4.69500017166138,0.564305365085602,0.132892116904259,2017,AFRICA
Iran,108,4.69199991226196,1.15687310695648,0.639333188533783,2017,ASIA
Albania,109,4.64400005340576,0.996192753314972,0.731159746646881,2017,ASIA
Bangladesh,110,4.60799980163574,0.586682975292206,0.533241033554077,2017,ASIA
Namibia,111,4.57399988174438,0.964434325695038,0.33861181139946,2017,AFRICA
Kenya,112,4.55299997329712,0.560479462146759,0.309988349676132,2017,AFRICA
Mozambique,113,4.55000019073486,0.234305649995804,0.106654435396194,2017,AFRICA
Myanmar,114,4.54500007629395,0.367110550403595,0.397522568702698,2017,ASIA
Senegal,115,4.53499984741211,0.479309022426605,0.409362852573395,2017,AFRICA
Zambia,116,4.51399993896484,0.636406779289246,0.257835894823074,2017,AFRICA
Iraq,117,4.49700021743774,1.10271048545837,0.501180469989777,2017,ASIA
Gabon,118,4.46500015258789,1.1982102394104,0.356578588485718,2017,AFRICA
Ethiopia,119,4.46000003814697,0.339233845472336,0.353409707546234,2017,AFRICA
Sri Lanka,120,4.44000005722046,1.00985014438629,0.625130832195282,2017,ASIA
Armenia,121,4.37599992752075,0.900596737861633,0.637524425983429,2017,ASIA
India,122,4.31500005722046,0.792221248149872,0.455427616834641,2017,ASIA
Mauritania,123,4.29199981689453,0.648457288742065,0.285349279642105,2017,AFRICA
Congo,124,4.29099988937378,0.808964252471924,0.28995743393898,2017,AFRICA
Georgia,125,4.28599977493286,0.950612664222717,0.649546980857849,2017,EUROPE
Dem. Rep. Congo,126,4.28000020980835,0.0921023488044739,0.191407024860382,2017,AFRICA
Mali,127,4.19000005722046,0.476180493831635,0.169365674257278,2017,AFRICA
Ivory Coast,128,4.17999982833862,0.603048920631409,0.0486421696841717,2017,AFRICA
Cambodia,129,4.16800022125244,0.601765096187592,0.429783403873444,2017,ASIA
Sudan,130,4.13899993896484,0.65951669216156,0.290920823812485,2017,AFRICA
Ghana,131,4.11999988555908,0.667224824428558,0.295637726783752,2017,AFRICA
Ukraine,132,4.09600019454956,0.89465194940567,0.575903952121735,2017,EUROPE
Uganda,133,4.08099985122681,0.381430715322495,0.217632606625557,2017,AFRICA
Burkina Faso,134,4.03200006484985,0.3502277135849,0.215844258666039,2017,AFRICA
Niger,135,4.02799987792969,0.161925330758095,0.26850500702858,2017,AFRICA
Malawi,136,3.97000002861023,0.233442038297653,0.315089583396912,2017,AFRICA
Chad,137,3.93600010871887,0.438012987375259,0.0411347150802612,2017,AFRICA
Zimbabwe,138,3.875,0.375846534967422,0.196763753890991,2017,AFRICA
Lesotho,139,3.80800008773804,0.521021246910095,0.0,2017,AFRICA
Angola,140,3.79500007629395,0.858428180217743,0.0498686656355858,2017,AFRICA
Afghanistan,141,3.79399991035461,0.401477217674255,0.180746778845787,2017,ASIA
Botswana,142,3.76600003242493,1.12209415435791,0.341755509376526,2017,AFRICA
Benin,143,3.65700006484985,0.431085407733917,0.209930211305618,2017,AFRICA
Madagascar,144,3.64400005340576,0.305808693170547,0.375223308801651,2017,AFRICA
Haiti,145,3.6029999256134,0.368610262870789,0.277321130037308,2017,NORTH AMERICA
Yemen,146,3.59299993515015,0.591683447360992,0.310080915689468,2017,ASIA
South Sudan,147,3.59100008010864,0.39724862575531,0.163486003875732,2017,AFRICA
Liberia,148,3.53299999237061,0.119041793048382,0.229918196797371,2017,AFRICA
Guinea,149,3.50699996948242,0.244549930095673,0.194129139184952,2017,AFRICA
Togo,150,3.49499988555908,0.305444717407227,0.247105568647385,2017,AFRICA
Rwanda,151,3.47099995613098,0.368745893239975,0.326424807310104,2017,AFRICA
Syria,152,3.46199989318848,0.777153134346008,0.50053334236145,2017,ASIA
Tanzania,153,3.34899997711182,0.511135876178741,0.364509284496307,2017,AFRICA
Burundi,154,2.90499997138977,0.091622568666935,0.151610791683197,2017,AFRICA
Central African Republic,155,2.69300007820129,0.0,0.0187726859003305,2017,AFRICA
Denmark,1,7.526,1.44178,0.79504,2016,EUROPE
Switzerland,2,7.509,1.52733,0.86303,2016,EUROPE
Iceland,3,7.501,1.42666,0.86733,2016,EUROPE
Norway,4,7.498,1.57744,0.79579,2016,EUROPE
Finland,5,7.413,1.40598,0.81091,2016,EUROPE
Canada,6,7.404,1.44015,0.8276,2016,NORTH AMERICA
Netherlands,7,7.339,1.46468,0.81231,2016,EUROPE
New Zealand,8,7.334,1.36066,0.83096,2016,OCEANIA
Australia,9,7.313,1.44443,0.8512,2016,OCEANIA
Sweden,10,7.291,1.45181,0.83121,2016,EUROPE
Israel,11,7.267,1.33766,0.84917,2016,ASIA
Austria,12,7.119,1.45038,0.80565,2016,EUROPE
United States,13,7.104,1.50796,0.779,2016,NORTH AMERICA
Costa Rica,14,7.087,1.06879,0.76146,2016,NORTH AMERICA
Puerto Rico,15,7.039,1.35943,0.77758,2016,NORTH AMERICA
Germany,16,6.994,1.44787,0.81487,2016,EUROPE
Brazil,17,6.952,1.08754,0.61415,2016,SOUTH AMERICA
Belgium,18,6.929,1.42539,0.81959,2016,EUROPE
Ireland,19,6.907,1.48341,0.81455,2016,EUROPE
Luxembourg,20,6.871,1.69752,0.84542,2016,ASIA
Mexico,21,6.778,1.11508,0.71143,2016,NORTH AMERICA
Singapore,22,6.739,1.64555,0.94719,2016,ASIA
United Kingdom,23,6.725,1.40283,0.80991,2016,EUROPE
Chile,24,6.705,1.2167,0.81883,2016,SOUTH AMERICA
Panama,25,6.701,1.18306,0.70835,2016,NORTH AMERICA
Argentina,26,6.65,1.15137,0.69711,2016,SOUTH AMERICA
Czech Republic,27,6.596,1.30915,0.76376,2016,EUROPE
United Arab Emirates,28,6.573,1.57352,0.72993,2016,ASIA
Uruguay,29,6.545,1.18157,0.72183,2016,SOUTH AMERICA
Malta,30,6.488,1.30782,0.80315,2016,EUROPE
Colombia,31,6.481,1.03032,0.59659,2016,SOUTH AMERICA
France,32,6.478,1.39488,0.83795,2016,EUROPE
Thailand,33,6.474,1.0893,0.64915,2016,ASIA
Saudi Arabia,34,6.379,1.48953,0.59267,2016,ASIA
Taiwan Province of China,34,6.379,1.39729,0.79565,2016,ASIA
Qatar,36,6.375,1.82427,0.71723,2016,ASIA
Spain,37,6.361,1.34253,0.87896,2016,EUROPE
Algeria,38,6.355,1.05266,0.61804,2016,AFRICA
Guatemala,39,6.324,0.83454,0.54039,2016,NORTH AMERICA
Suriname,40,6.269,1.09686,0.50933,2016,SOUTH AMERICA
Kuwait,41,6.239,1.61714,0.63569,2016,ASIA
Bahrain,42,6.218,1.44024,0.65696,2016,ASIA
Trinidad and Tobago,43,6.168,1.32572,0.52608,2016,NORTH AMERICA
Venezuela,44,6.084,1.13367,0.61904,2016,SOUTH AMERICA
Slovakia,45,6.078,1.27973,0.70367,2016,EUROPE
El Salvador,46,6.068,0.8737,0.596,2016,NORTH AMERICA
Malaysia,47,6.005,1.25142,0.62366,2016,ASIA
Nicaragua,48,5.992,0.69384,0.65213,2016,NORTH AMERICA
Uzbekistan,49,5.987,0.73591,0.50163,2016,ASIA
Italy,50,5.977,1.35495,0.85102,2016,EUROPE
Ecuador,51,5.976,0.97306,0.68613,2016,SOUTH AMERICA
Belize,52,5.956,0.87616,0.45569,2016,NORTH AMERICA
Japan,53,5.921,1.38007,0.91491,2016,ASIA
Kazakhstan,54,5.919,1.22943,0.57386,2016,ASIA
Moldova,55,5.897,0.69177,0.52309,2016,EUROPE
Russia,56,5.856,1.23228,0.58991,2016,EUROPE
Poland,57,5.835,1.24585,0.69058,2016,EUROPE
South Korea,57,5.835,1.35948,0.88645,2016,ASIA
Bolivia,59,5.822,0.79422,0.4697,2016,SOUTH AMERICA
Lithuania,60,5.813,1.2692,0.64674,2016,EUROPE
Belarus,61,5.802,1.13062,0.63104,2016,EUROPE
North Cyprus,62,5.771,1.31141,0.84142,2016,EUROPE
Slovenia,63,5.768,1.29947,0.79151,2016,EUROPE
Peru,64,5.743,0.99602,0.62994,2016,SOUTH AMERICA
Turkmenistan,65,5.658,1.08017,0.44006,2016,ASIA
Mauritius,66,5.648,1.14372,0.66189,2016,AFRICA
Libya,67,5.615,1.06688,0.52304,2016,AFRICA
Latvia,68,5.56,1.21788,0.63952,2016,EUROPE
Cyprus,69,5.546,1.31857,0.8488,2016,ASIA
Paraguay,70,5.538,0.89373,0.58295,2016,SOUTH AMERICA
Romania,71,5.528,1.1697,0.67602,2016,EUROPE
Estonia,72,5.517,1.27964,0.68098,2016,EUROPE
Jamaica,73,5.51,0.89333,0.59469,2016,NORTH AMERICA
Croatia,74,5.488,1.18649,0.70524,2016,EUROPE
Hong Kong,75,5.458,1.5107,0.95277,2016,ASIA
Somalia,76,5.44,0.0,0.11466,2016,AFRICA
Kosovo,77,5.401,0.90145,0.54,2016,EUROPE
Turkey,78,5.389,1.16492,0.64718,2016,ASIA
Indonesia,79,5.314,0.95104,0.49374,2016,ASIA
Jordan,80,5.303,0.99673,0.60712,2016,ASIA
Azerbaijan,81,5.291,1.12373,0.54504,2016,ASIA
Philippines,82,5.279,0.81217,0.47036,2016,ASIA
China,83,5.245,1.0278,0.73561,2016,ASIA
Bhutan,84,5.196,0.8527,0.49759,2016,ASIA
Kyrgyzstan,85,5.185,0.56044,0.55449,2016,ASIA
Serbia,86,5.177,1.03437,0.6458,2016,EUROPE
Bosnia and Herzegovina,87,5.163,0.93383,0.70766,2016,EUROPE
Montenegro,88,5.161,1.07838,0.63533,2016,EUROPE
Dominican Republic,89,5.155,1.02787,0.57669,2016,NORTH AMERICA
Morocco,90,5.151,0.84058,0.59471,2016,AFRICA
Hungary,91,5.145,1.24142,0.67608,2016,EUROPE
Pakistan,92,5.132,0.68816,0.40306,2016,ASIA
Lebanon,93,5.129,1.12268,0.76171,2016,ASIA
Portugal,94,5.123,1.27607,0.79363,2016,EUROPE
Macedonia,95,5.121,1.0193,0.64738,2016,EUROPE
Vietnam,96,5.061,0.74037,0.66157,2016,ASIA
Somaliland Region,97,5.057,0.25558,0.33108,2016,AFRICA
Tunisia,98,5.045,0.97724,0.59577,2016,AFRICA
Greece,99,5.033,1.24886,0.80029,2016,EUROPE
Tajikistan,100,4.996,0.48835,0.53119,2016,ASIA
Mongolia,101,4.907,0.98853,0.55469,2016,ASIA
Laos,102,4.876,0.68042,0.38291,2016,ASIA
Nigeria,103,4.875,0.75216,0.05108,2016,AFRICA
Honduras,104,4.871,0.69429,0.58383,2016,NORTH AMERICA
Iran,105,4.813,1.11758,0.64232,2016,ASIA
Zambia,106,4.795,0.61202,0.23573,2016,AFRICA
Nepal,107,4.793,0.44626,0.50073,2016,ASIA
Palestinian Territories,108,4.754,0.67024,0.56844,2016,AFRICA
Albania,109,4.655,0.9553,0.73007,2016,ASIA
Bangladesh,110,4.643,0.54177,0.52989,2016,ASIA
Sierra Leone,111,4.635,0.36485,0.0,2016,AFRICA
Iraq,112,4.575,1.07474,0.51076,2016,ASIA
Namibia,113,4.574,0.93287,0.34745,2016,AFRICA
Cameroon,114,4.513,0.52497,0.12698,2016,AFRICA
Ethiopia,115,4.508,0.29283,0.34578,2016,AFRICA
South Africa,116,4.459,1.02416,0.18611,2016,AFRICA
Sri Lanka,117,4.415,0.97318,0.62007,2016,ASIA
India,118,4.404,0.74036,0.45091,2016,ASIA
Myanmar,119,4.395,0.34112,0.3988,2016,ASIA
Egypt,120,4.362,0.95395,0.52116,2016,AFRICA
Armenia,121,4.36,0.86086,0.64083,2016,ASIA
Kenya,122,4.356,0.52267,0.30147,2016,AFRICA
Ukraine,123,4.324,0.87287,0.58628,2016,EUROPE
Ghana,124,4.276,0.63107,0.29681,2016,AFRICA
Dem. Rep. Congo,125,4.272,0.05661,0.188,2016,AFRICA
Georgia,126,4.252,0.83792,0.64035,2016,EUROPE
Congo,127,4.236,0.77109,0.28212,2016,AFRICA
Senegal,128,4.219,0.44314,0.40457,2016,AFRICA
Bulgaria,129,4.217,1.11306,0.67806,2016,EUROPE
Mauritania,130,4.201,0.61391,0.28639,2016,AFRICA
Zimbabwe,131,4.193,0.35041,0.1595,2016,AFRICA
Malawi,132,4.156,0.08709,0.29364,2016,AFRICA
Sudan,133,4.139,0.63069,0.29759,2016,AFRICA
Gabon,134,4.121,1.15851,0.3494,2016,AFRICA
Mali,135,4.073,0.31292,0.16347,2016,AFRICA
Haiti,136,4.028,0.34097,0.27494,2016,NORTH AMERICA
Botswana,137,3.974,1.09426,0.34752,2016,AFRICA
Comoros,138,3.956,0.27509,0.29981,2016,AFRICA
Ivory Coast,139,3.916,0.55507,0.04476,2016,AFRICA
Cambodia,140,3.907,0.55604,0.42494,2016,ASIA
Angola,141,3.866,0.84731,0.04991,2016,AFRICA
Niger,142,3.856,0.1327,0.26162,2016,AFRICA
South Sudan,143,3.832,0.39394,0.15781,2016,AFRICA
Chad,144,3.763,0.42214,0.03824,2016,AFRICA
Burkina Faso,145,3.739,0.31995,0.21297,2016,AFRICA
Uganda,145,3.739,0.34719,0.19625,2016,AFRICA
Yemen,147,3.724,0.57939,0.31048,2016,ASIA
Madagascar,148,3.695,0.27954,0.37109,2016,AFRICA
Tanzania,149,3.666,0.47155,0.357,2016,AFRICA
Liberia,150,3.622,0.10706,0.23165,2016,AFRICA
Guinea,151,3.607,0.22415,0.18829,2016,AFRICA
Rwanda,152,3.515,0.32846,0.31865,2016,AFRICA
Benin,153,3.484,0.39499,0.21028,2016,AFRICA
Afghanistan,154,3.36,0.38227,0.17344,2016,ASIA
Togo,155,3.303,0.28123,0.24811,2016,AFRICA
Syria,156,3.069,0.74719,0.62994,2016,ASIA
Burundi,157,2.905,0.06831,0.15747,2016,AFRICA
Switzerland,1,7.587,1.39651,0.94143,2015,EUROPE
Iceland,2,7.561,1.30232,0.94784,2015,EUROPE
Denmark,3,7.527,1.32548,0.87464,2015,EUROPE
Norway,4,7.522,1.459,0.88521,2015,EUROPE
Canada,5,7.427,1.32629,0.90563,2015,NORTH AMERICA
Finland,6,7.406,1.29025,0.88911,2015,EUROPE
Netherlands,7,7.378,1.32944,0.89284,2015,EUROPE
Sweden,8,7.364,1.33171,0.91087,2015,EUROPE
New Zealand,9,7.286,1.25018,0.90837,2015,OCEANIA
Australia,10,7.284,1.33358,0.93156,2015,OCEANIA
Israel,11,7.278,1.22857,0.91387,2015,ASIA
Costa Rica,12,7.226,0.95578,0.86027,2015,NORTH AMERICA
Austria,13,7.2,1.33723,0.89042,2015,EUROPE
Mexico,14,7.187,1.02054,0.81444,2015,NORTH AMERICA
United States,15,7.119,1.39451,0.86179,2015,NORTH AMERICA
Brazil,16,6.983,0.98124,0.69702,2015,SOUTH AMERICA
Luxembourg,17,6.946,1.56391,0.91894,2015,ASIA
Ireland,18,6.94,1.33596,0.89533,2015,EUROPE
Belgium,19,6.937,1.30782,0.89667,2015,EUROPE
United Arab Emirates,20,6.901,1.42727,0.80925,2015,ASIA
United Kingdom,21,6.867,1.26637,0.90943,2015,EUROPE
Oman,22,6.853,1.36011,0.76276,2015,ASIA
Venezuela,23,6.81,1.04424,0.72052,2015,SOUTH AMERICA
Singapore,24,6.798,1.52186,1.02525,2015,ASIA
Panama,25,6.786,1.06353,0.79661,2015,NORTH AMERICA
Germany,26,6.75,1.32792,0.89186,2015,EUROPE
Chile,27,6.67,1.10715,0.85857,2015,SOUTH AMERICA
Qatar,28,6.611,1.69042,0.79733,2015,ASIA
France,29,6.575,1.27778,0.94579,2015,EUROPE
Argentina,30,6.574,1.05351,0.78723,2015,SOUTH AMERICA
Czech Republic,31,6.505,1.17898,0.84483,2015,EUROPE
Uruguay,32,6.485,1.06166,0.8116,2015,SOUTH AMERICA
Colombia,33,6.477,0.91861,0.69077,2015,SOUTH AMERICA
Thailand,34,6.455,0.9669,0.7385,2015,ASIA
Saudi Arabia,35,6.411,1.39541,0.72025,2015,ASIA
Spain,36,6.329,1.23011,0.95562,2015,EUROPE
Malta,37,6.302,1.2074,0.88721,2015,EUROPE
Taiwan Province of China,38,6.298,1.29098,0.8753,2015,ASIA
Kuwait,39,6.295,1.55422,0.72492,2015,ASIA
Suriname,40,6.269,0.99534,0.6082,2015,SOUTH AMERICA
Trinidad and Tobago,41,6.168,1.21183,0.61483,2015,NORTH AMERICA
El Salvador,42,6.13,0.76454,0.67737,2015,NORTH AMERICA
Guatemala,43,6.123,0.74553,0.64425,2015,NORTH AMERICA
Uzbekistan,44,6.003,0.63244,0.59772,2015,ASIA
Slovakia,45,5.995,1.16891,0.78902,2015,EUROPE
Japan,46,5.987,1.27074,0.99111,2015,ASIA
South Korea,47,5.984,1.24461,0.96538,2015,ASIA
Ecuador,48,5.975,0.86402,0.79075,2015,SOUTH AMERICA
Bahrain,49,5.96,1.32376,0.74716,2015,ASIA
Italy,50,5.948,1.25114,0.95446,2015,EUROPE
Bolivia,51,5.89,0.68133,0.5392,2015,SOUTH AMERICA
Moldova,52,5.889,0.59448,0.61826,2015,EUROPE
Paraguay,53,5.878,0.75985,0.66098,2015,SOUTH AMERICA
Kazakhstan,54,5.855,1.12254,0.64368,2015,ASIA
Slovenia,55,5.848,1.18498,0.87337,2015,EUROPE
Lithuania,56,5.833,1.14723,0.73128,2015,EUROPE
Nicaragua,57,5.828,0.59325,0.74314,2015,NORTH AMERICA
Peru,58,5.824,0.90019,0.73017,2015,SOUTH AMERICA
Belarus,59,5.813,1.03192,0.73608,2015,EUROPE
Poland,60,5.791,1.12555,0.77903,2015,EUROPE
Malaysia,61,5.77,1.12486,0.72394,2015,ASIA
Croatia,62,5.759,1.08254,0.78805,2015,EUROPE
Libya,63,5.754,1.13145,0.7038,2015,AFRICA
Russia,64,5.716,1.13764,0.66926,2015,EUROPE
Jamaica,65,5.709,0.81038,0.68741,2015,NORTH AMERICA
North Cyprus,66,5.695,1.20806,0.92356,2015,EUROPE
Cyprus,67,5.689,1.20813,0.92356,2015,ASIA
Algeria,68,5.605,0.93929,0.61766,2015,AFRICA
Kosovo,69,5.589,0.80148,0.63132,2015,EUROPE
Turkmenistan,70,5.548,0.95847,0.53886,2015,ASIA
Mauritius,71,5.477,1.00761,0.7095,2015,AFRICA
Hong Kong,72,5.474,1.38604,1.01328,2015,ASIA
Estonia,73,5.429,1.15174,0.77361,2015,EUROPE
Indonesia,74,5.399,0.82827,0.63793,2015,ASIA
Vietnam,75,5.36,0.63216,0.74676,2015,ASIA
Turkey,76,5.332,1.06098,0.73172,2015,ASIA
Kyrgyzstan,77,5.286,0.47428,0.65088,2015,ASIA
Nigeria,78,5.268,0.65435,0.16007,2015,AFRICA
Bhutan,79,5.253,0.77042,0.57407,2015,ASIA
Azerbaijan,80,5.212,1.02389,0.64045,2015,ASIA
Pakistan,81,5.194,0.59543,0.51466,2015,ASIA
Jordan,82,5.192,0.90198,0.69639,2015,ASIA
Montenegro,82,5.192,0.97438,0.72521,2015,EUROPE
China,84,5.14,0.89012,0.81658,2015,ASIA
Zambia,85,5.129,0.47038,0.29924,2015,AFRICA
Romania,86,5.124,1.04345,0.7689,2015,EUROPE
Serbia,87,5.123,0.92053,0.74836,2015,EUROPE
Portugal,88,5.102,1.15991,0.87519,2015,EUROPE
Latvia,89,5.098,1.11312,0.72437,2015,EUROPE
Philippines,90,5.073,0.70532,0.58114,2015,ASIA
Somaliland Region,91,5.057,0.18847,0.43873,2015,AFRICA
Morocco,92,5.013,0.73479,0.60954,2015,AFRICA
Macedonia,93,5.007,0.91851,0.73545,2015,EUROPE
Mozambique,94,4.971,0.08308,0.09131,2015,AFRICA
Albania,95,4.959,0.87867,0.81325,2015,ASIA
Bosnia and Herzegovina,96,4.949,0.83223,0.79081,2015,EUROPE
Lesotho,97,4.898,0.37545,0.07612,2015,AFRICA
Dominican Republic,98,4.885,0.89537,0.66825,2015,NORTH AMERICA
Laos,99,4.876,0.59066,0.54909,2015,ASIA
Mongolia,100,4.874,0.82819,0.60268,2015,ASIA
Swaziland,101,4.867,0.71206,0.07566,2015,AFRICA
Greece,102,4.857,1.15406,0.88213,2015,EUROPE
Lebanon,103,4.839,1.02564,0.83947,2015,ASIA
Hungary,104,4.8,1.12094,0.75905,2015,EUROPE
Honduras,105,4.788,0.59532,0.6951,2015,NORTH AMERICA
Tajikistan,106,4.786,0.39047,0.57379,2015,ASIA
Tunisia,107,4.739,0.88113,0.73793,2015,AFRICA
Palestinian Territories,108,4.715,0.59867,0.66015,2015,AFRICA
Bangladesh,109,4.694,0.39753,0.60164,2015,ASIA
Iran,110,4.686,1.0088,0.69805,2015,ASIA
Ukraine,111,4.681,0.79907,0.6739,2015,EUROPE
Iraq,112,4.677,0.98549,0.60237,2015,ASIA
South Africa,113,4.642,0.92049,0.27688,2015,AFRICA
Ghana,114,4.633,0.54558,0.40132,2015,AFRICA
Zimbabwe,115,4.61,0.271,0.33475,2015,AFRICA
Liberia,116,4.571,0.0712,0.34201,2015,AFRICA
India,117,4.565,0.64499,0.51529,2015,ASIA
Sudan,118,4.55,0.52107,0.36878,2015,AFRICA
Haiti,119,4.518,0.26673,0.38847,2015,NORTH AMERICA
Dem. Rep. Congo,120,4.517,0.0,0.09806,2015,AFRICA
Nepal,121,4.514,0.35997,0.56874,2015,ASIA
Ethiopia,122,4.512,0.19073,0.44055,2015,AFRICA
Sierra Leone,123,4.507,0.33024,0.0,2015,AFRICA
Mauritania,124,4.436,0.45407,0.35874,2015,AFRICA
Kenya,125,4.419,0.36471,0.41435,2015,AFRICA
Djibouti,126,4.369,0.44025,0.36291,2015,AFRICA
Armenia,127,4.35,0.76821,0.7299,2015,ASIA
Botswana,128,4.332,0.99355,0.04776,2015,AFRICA
Myanmar,129,4.307,0.27108,0.48246,2015,ASIA
Georgia,130,4.297,0.7419,0.72926,2015,EUROPE
Malawi,131,4.292,0.01604,0.22562,2015,AFRICA
Sri Lanka,132,4.271,0.83524,0.70806,2015,ASIA
Cameroon,133,4.252,0.4225,0.23402,2015,AFRICA
Bulgaria,134,4.218,1.01216,0.76649,2015,EUROPE
Egypt,135,4.194,0.8818,0.61712,2015,AFRICA
Yemen,136,4.077,0.54649,0.40064,2015,ASIA
Angola,137,4.033,0.75778,0.16683,2015,AFRICA
Mali,138,3.995,0.26074,0.20583,2015,AFRICA
Congo,139,3.989,0.67866,0.31051,2015,AFRICA
Comoros,140,3.956,0.23906,0.36315,2015,AFRICA
Uganda,141,3.931,0.21102,0.33861,2015,AFRICA
Senegal,142,3.904,0.36498,0.4354,2015,AFRICA
Gabon,143,3.896,1.06024,0.43372,2015,AFRICA
Niger,144,3.845,0.0694,0.29707,2015,AFRICA
Cambodia,145,3.819,0.46038,0.61114,2015,ASIA
Tanzania,146,3.781,0.2852,0.38215,2015,AFRICA
Madagascar,147,3.681,0.20824,0.46721,2015,AFRICA
Central African Republic,148,3.678,0.0785,0.06699,2015,AFRICA
Chad,149,3.667,0.34193,0.1501,2015,AFRICA
Guinea,150,3.656,0.17417,0.24009,2015,AFRICA
Ivory Coast,151,3.655,0.46534,0.15185,2015,AFRICA
Burkina Faso,152,3.587,0.25812,0.27125,2015,AFRICA
Afghanistan,153,3.575,0.31982,0.30335,2015,ASIA
Rwanda,154,3.465,0.22208,0.42864,2015,AFRICA
Benin,155,3.34,0.28665,0.3191,2015,AFRICA
Syria,156,3.006,0.6632,0.72193,2015,ASIA
Burundi,157,2.905,0.0153,0.22396,2015,AFRICA
Togo,158,2.839,0.20868,0.28443,2015,AFRICA
